EmployeeId,Username,FirstName,LastName,BranchOfficeId
a78a1929-3f4b-474c-81c3-17aaf1a84cb6,lfullard0,Lyndel,Fullard,20
f3afe1bf-7b69-462d-acdd-845978af81fe,etregian1,Elita,Tregian,3
f0ce8bca-3f0a-4561-80ec-e2d0095c3d39,egraeser2,Ewell,Graeser,13
4708f060-fe72-4afb-90ac-3d602115c1cd,rgrimmer3,Rhoda,Grimmer,15
8cb206ea-022a-41d5-a402-0f3b132600e6,cfinch4,Cristin,Finch,15
3e9bf48a-c25c-4abf-93c6-8c5c6463ff3e,rkivlehan5,Rorke,Kivlehan,16
302f7024-845e-4583-9756-50825c02e578,ijannings6,Ingemar,Jannings,12
c761d35e-5df1-4279-9248-2c3cf05c9a2d,emurtimer7,Ethelind,Murtimer,20
c3ac0a8d-1de8-4b02-a749-3cbecb28c61f,hpittman8,Haley,Pittman,11
a393baab-accf-4d10-8a6a-66513a0ecbb6,wfoxcroft9,Wain,Foxcroft,7
c4f1f152-fa9e-4eca-b384-b57c755ae25a,dmowsleya,Daffi,Mowsley,2
401ddfde-031b-439d-a7f1-e4e513942cb2,ibillingtonb,Idaline,Billington,9
1dfc2a64-c38e-466b-bfd7-a92776894907,hkovacsc,Haywood,Kovacs,12
6248609d-a2ca-4594-96c1-87d5e9788532,wsentanced,Wendell,Sentance,15
00a8d3dd-78b0-42a8-b157-da90ba393ab2,lblewette,Leonie,Blewett,9
0c13b024-6556-48ec-a3a2-4206ee61ad62,switnallf,Shanta,Witnall,9
25afc96b-6df4-4b17-aeac-03548cad2bfa,ctrevethang,Cyndi,Trevethan,12
b678eeea-9975-4f99-bd1c-0d84da4b346f,bsherratth,Beale,Sherratt,14
22228285-4b70-408e-8427-4bb1e03b8ae8,nbubbi,Nani,Bubb,4
8de2ee77-e711-4c92-bf86-cb0b39b3f7bd,acradduckj,Annabal,Cradduck,14
55a660f5-e867-4626-b258-9fc0a67b2be1,oshovlink,Ogden,Shovlin,4
40184119-f41e-4ded-8fe2-1cf91b42a67b,zlunckl,Zena,Lunck,15
fe6c57f0-7e5d-49e5-89a8-48cf382123b6,mingledewm,Mechelle,Ingledew,10
9cf5520a-5cf4-44af-a6ce-9a525474c58b,jbattissonn,Jason,Battisson,3
40903bf7-e47f-4fe6-af27-45bca0e15a26,mrainero,Millard,Rainer,16
3485b13e-ca1b-4dec-b89e-f4146164da2b,pbruinsp,Peirce,Bruins,19
4dccdad8-d6c2-4a40-9456-f73ffba3fe70,dmuirheadq,Daffi,Muirhead,6
5f8cc15d-8a3b-4f1e-8488-7334273e535f,fredmondr,Fulvia,Redmond,6
4534cf98-8197-45f4-ae3c-7b5924f3ff2a,gcamplings,Giulio,Campling,2
e06d3470-cc14-4df9-a48a-5b86b6c20cf2,mpadkint,Mercie,Padkin,1
7e6bb720-b165-4a68-bbb8-34f2f1e59fc6,bdecourcyu,Base,Decourcy,4
0a392890-faae-4a3e-9670-50c88df70b3c,aboutcherv,Aldin,Boutcher,1
e080f96e-579c-4611-902b-9abf33306355,cwhittenburyw,Cthrine,Whittenbury,13
002a1b88-f62e-4d03-a901-e0118128b865,aabramchikx,Aylmer,Abramchik,7
10a591ca-c4a9-476e-a773-b5ca0bd166ba,cprewery,Cherey,Prewer,7
7d38e842-9172-4483-a2f1-22482da0ac7b,mhalbertz,Marena,Halbert,8
b980b56d-dd37-4d55-8abc-4e54a2967129,fmoffett10,Fabe,Moffett,5
c356b6a3-771c-4dee-ad9f-e2cd85970c68,cgrenter11,Charlene,Grenter,18
ae092c7b-aec1-4058-b285-18994173bc72,bbigley12,Birch,Bigley,15
b79f462f-1643-4d6b-8ea5-bab307f4db30,gmattson13,Geri,Mattson,3
5c804852-925e-4241-a464-68d842df4ddd,kcradduck14,Kaylyn,Cradduck,5
75abb734-6aeb-447b-a094-8977277b8f35,hsavory15,Hamlen,Savory,19
71aecf7f-6535-4e90-a6f7-80cf534b320b,hcrucetti16,Hyman,Crucetti,9
2c449ef9-e25c-4fe5-944e-75452b0ae321,cphilippault17,Cloris,Philippault,18
0fbdba26-1fcc-4a0b-b056-c955bdf4eb38,nthowes18,Nessa,Thowes,3
e733a82c-dee8-4bce-a61c-6c9af314cb1c,cdevonald19,Carolynn,Devonald,4
a2f40dcc-aba0-4141-af45-9c20ff9d7ebc,gmackowle1a,Garner,MacKowle,15
dff52ab0-1d6e-499d-92c5-e3723831907e,bswinden1b,Becky,Swinden,6
e86fe371-1ddd-4e3a-ab40-8dabe10d5570,lgerritzen1c,Lorenza,Gerritzen,11
e510beeb-3776-4d17-ad6f-99c27ee7312a,kjoscelyn1d,Kacie,Joscelyn,16
2c5ab248-8799-4e05-97ef-83a336786b8d,fhumbles1e,Fidel,Humbles,20
f3311c6e-6eb3-4dd4-abaf-4468ab35984c,clummis1f,Cherrita,Lummis,8
5c81c948-24c3-464b-a576-8119080fd149,klaurens1g,Kristyn,Laurens,3
cf9935b3-52b4-465b-b4bc-791c42998361,kthurlby1h,Katina,Thurlby,6
762666b0-5cbc-4903-8a8e-60e9c9dbab37,wdovidaitis1i,Willard,Dovidaitis,10
a0c14bd4-a71e-4841-b390-e54d6c33ec5e,mgillan1j,Mersey,Gillan,11
f8a2a6c9-bfe2-4965-aefd-164aac8a5d10,wfrere1k,Weber,Frere,7
ccc35529-04c8-4c93-817f-d2dc05ba10ad,amattedi1l,Anallese,Mattedi,15
d9cc032b-1c9c-4476-8327-feb9698270e2,sjunifer1m,Steffen,Junifer,3
50ac271a-346b-4b1d-b41a-273124f1740b,esilveston1n,Esma,Silveston,8
aeef8b19-dfd3-4f8d-bf2c-7fc037c2b473,mbathowe1o,Marshal,Bathowe,18
c518ad81-b354-4108-9cdb-5210cef14b3f,pbooler1p,Phyllida,Booler,8
cf1916df-e580-4753-b69a-e915c0c340ac,fbarchrameev1q,Frances,Barchrameev,6
cf38660f-95a1-4948-9502-e05085e2908c,gwarcop1r,Gunar,Warcop,2
90182fe0-6818-4ee8-8609-43063886c10c,kshoebottom1s,Katleen,Shoebottom,12
ca2ce0bc-9b5c-4523-9c8c-c5565df741d1,cabrahamovitz1t,Car,Abrahamovitz,10
20a2b97f-4c5b-4b66-8380-5b68452f53f6,fmiddler1u,Fallon,Middler,18
c093810d-10f7-4e5c-9597-2feb6ecd01e8,dslimings1v,Donny,Slimings,11
911c5c0e-77a5-4c7d-973d-97bb8d0bd5ac,jofallowne1w,Josephina,O'Fallowne,5
3cc3cf2b-f93b-4b22-806e-27b96bf6a57e,dkersaw1x,Denis,Kersaw,3
b34a856e-6ac7-4fe0-8676-366d079f9fe5,nadicot1y,Nicolle,Adicot,6
40d3b40f-9dd9-424d-8146-540bdf647e62,pjosskovitz1z,Page,Josskovitz,11
fe21c91a-e5e1-4345-aa0b-e39de1d1d412,aoroan20,Adi,O'Roan,2
e94ce6e9-d07c-4ce5-a265-024b44d4aea6,mstappard21,Madelina,Stappard,13
b018d30b-5514-4921-aeae-65f5dab6682d,groke22,Guendolen,Roke,5
2871a64a-e091-4068-8a2a-c5e0615386f8,ndispencer23,Nonah,Dispencer,19
ba7c1d41-2336-43cf-9a86-c6832051ea65,rregus24,Reinold,Regus,5
f6b5bc66-4fe5-4829-bb47-60cd4eaf01e1,apulver25,Alyss,Pulver,18
33729475-2c69-422f-8305-7e59c9546125,sattrie26,Stirling,Attrie,8
4850c2a7-d09e-4c75-b50d-b9377a6fd766,chunstone27,Claybourne,Hunstone,8
a467b075-182a-4700-820e-f5b52dbe2d45,ehusselbee28,Estele,Husselbee,2
c261021a-93d6-4aed-9623-acc7e29a8a3f,arangall29,Ashlee,Rangall,3
36b3d13f-27f8-4deb-bf24-f6ca052f2528,tdawidsohn2a,Tate,Dawidsohn,20
119472a0-27e0-4a48-a999-dca5fc7c899d,glivesley2b,Garnette,Livesley,16
dfa4a4a8-8f41-4e4b-9833-5d0825ae04de,pwavish2c,Perry,Wavish,2
d66d3bbb-545e-4fc4-8b0a-e91a52b03fff,acoger2d,Alma,Coger,7
846899c1-d40c-4854-9a71-ff0f4933294b,vverden2e,Verge,Verden,6
fb09d67c-3950-4c1d-acd9-ebc72c512ff5,emcgavin2f,Emlyn,McGavin,8
95499a96-26d6-484d-b668-f954873b7769,lcawood2g,Lucila,Cawood,10
715faa97-6bb0-4b9c-936c-3eb95d46c609,rbartolini2h,Rupert,Bartolini,5
ed870884-d33b-4788-909a-19f062558b0d,rangelo2i,Rosalind,Angelo,4
00acf02b-747d-4fc5-b969-0a9731bfaf34,aoliff2j,Andris,Oliff,5
fabe0d25-5ef9-46ed-861f-df31acf7f2c7,jaddeycott2k,Javier,Addeycott,8
1d523042-b8e0-419f-8f81-489c54382305,rtookill2l,Roddie,Tookill,4
f61f6ca0-ca19-435c-8a20-ddc33c58560f,dsnazle2m,Darci,Snazle,11
f7b4878b-fa70-4b4e-bb48-a4658b1b910e,eslamaker2n,Esdras,Slamaker,3
91a00b60-f9f3-40b5-bd1f-5a929c471984,wbrideoke2o,Wake,Brideoke,9
a6c3ff5f-c83b-4760-94c7-1b6af8f69ab9,sknatt2p,Steffi,Knatt,19
c6837769-ec43-4d4f-8f5b-7174960273cf,aaugustin2q,Abbi,Augustin,3
08c971c4-9c6c-4844-abd6-ba58cf7c2a63,bflaunders2r,Bess,Flaunders,9
